{"loss": [1.091273307800293], "grad": [0.4999999403953552]}