{"loss": [23.71150016784668, 23.242616653442383], "grad": [0.9999999403953552, 0.9999999403953552]}