{"loss": [1.2253364324569702], "grad": [1.0000001192092896]}