{"loss": [1.2318472862243652, 1.1937353610992432, 1.1752859354019165, 1.2717132568359375, 1.2336618900299072, 1.205263376235962, 1.194374680519104, 1.1591682434082031, 1.234018087387085, 1.1968172788619995, 1.2247360944747925, 1.1814649105072021, 1.2220592498779297, 1.2993690967559814, 1.1820452213287354], "grad": [0.9999999403953552, 0.9999998807907104, 1.0, 0.9999998807907104, 1.0, 1.0000001192092896, 1.0000001192092896, 1.0, 1.0, 0.9999998807907104, 1.0, 0.9999999403953552, 1.0000001192092896, 0.9999999403953552, 1.0]}