{"loss": [1.345771074295044], "grad": [0.9999999403953552], "eval_loss": [[1.1803255081176758, 1.1480457782745361]], "grammar_accuracy": [[0.0, 0.0]], "accuracy": [[0.0, 0.0]], "function_count_accuracy": [[0.0, 0.0]], "device_accuracy": [[0.0, 0.0]], "function_accuracy": [[0.0, 0.0]], "signature_accuracy": [[0.0, 0.0]], "program_recall": [[0.0, 0.0]], "parse_action_precision": [[0.00037537537537537537, 0.0]], "parse_action_recall": [[0.008064516129032258, 0.0]], "parse_action_f1": [[0.0007173601147776183, 0.0]], "action_count_precision": [[0, 0.0]], "action_count_recall": [[0, 0.0]], "action_count_f1": [[0, 0.0]]}