{"loss": [1.2896116971969604], "grad": [0.9999999403953552]}