{"loss": [1.3130050897598267, 1.3120646476745605, 1.2619260549545288, 1.4165180921554565, 1.415930986404419, 1.4317591190338135], "grad": [1.0, 1.0, 1.0, 1.0, 1.0, 0.9999998807907104]}