{"loss": [32.48884963989258, 35.34461212158203, 35.833412170410156, 34.5327033996582, 31.739273071289062, 33.526329040527344, 35.16950607299805, 34.138877868652344, 34.618995666503906, 32.9735107421875], "grad": [98.66885375976562, 84.25110626220703, 93.3017578125, 88.72509765625, 84.1615982055664, 81.41524505615234, 74.65006256103516, 90.27574157714844, 82.4345932006836, 79.10707092285156]}