{"loss": [1.4481854438781738, 1.3347878456115723, 1.311637282371521, 1.4769490957260132, 1.5589406490325928, 1.3329806327819824, 1.3034976720809937, 1.388140320777893, 1.4554975032806396, 1.3370648622512817, 1.331860065460205, 1.2693746089935303, 1.3775317668914795, 1.4657891988754272, 1.3567235469818115, 1.3195914030075073, 1.4821096658706665, 1.318751335144043, 1.3087084293365479, 1.3028535842895508, 1.3285967111587524, 1.2406607866287231, 1.3974865674972534, 1.3008264303207397, 1.3136941194534302, 1.2728712558746338, 1.2946746349334717, 1.2713772058486938, 1.2542614936828613, 1.2647377252578735, 1.2540587186813354, 1.2023063898086548, 1.2695090770721436, 1.2256295680999756, 1.1984455585479736, 1.2021143436431885, 1.199630856513977, 1.206506609916687, 1.202944040298462, 1.1918647289276123, 1.1763818264007568, 1.2075703144073486, 1.2152491807937622, 1.1921539306640625, 1.1556928157806396, 1.1931663751602173, 1.256364345550537, 1.2111833095550537, 1.1793067455291748, 1.2065671682357788, 1.1512987613677979, 1.1920467615127563, 1.1643823385238647, 1.2199280261993408, 1.2019541263580322, 1.183100938796997, 1.19662344455719, 1.1801340579986572, 1.1570665836334229, 1.1949008703231812, 1.2291309833526611, 1.265143632888794, 1.2493023872375488, 1.2540078163146973, 1.2029211521148682, 1.1873747110366821, 1.2156213521957397, 1.2876343727111816, 1.198298692703247, 1.1829575300216675, 1.2321014404296875, 1.2425906658172607, 1.2695491313934326, 1.2531691789627075, 1.3117283582687378, 1.2925450801849365, 1.2367510795593262, 1.2633721828460693, 1.2361137866973877, 1.2241766452789307], "grad": [1.0, 1.0, 0.9999999403953552, 1.0, 1.0, 0.9999999403953552, 1.0, 1.0, 1.0, 1.0, 0.9999999403953552, 0.9999999403953552, 1.0000001192092896, 1.0, 0.9999999403953552, 0.9999999403953552, 0.9999999403953552, 1.0, 0.9999999403953552, 1.0, 0.9999998807907104, 1.0000001192092896, 1.0, 1.0000001192092896, 1.0, 1.0, 0.9999999403953552, 0.9999998807907104, 1.0, 1.0, 0.9999999403953552, 1.0, 0.9999998211860657, 1.0, 0.9999997615814209, 1.0000001192092896, 1.0000001192092896, 1.0, 1.0, 1.0, 0.9999998807907104, 0.9999999403953552, 1.0, 1.0000001192092896, 1.0, 1.0, 1.0, 0.9999998807907104, 1.0, 1.0, 1.0, 0.9999998807907104, 1.0, 1.0, 1.0, 0.9999998807907104, 1.0, 0.9999999403953552, 0.9999998211860657, 1.0, 0.9999998807907104, 1.0, 0.9999999403953552, 1.0, 0.9999999403953552, 1.0000001192092896, 1.0000001192092896, 1.0, 1.0, 0.9999998807907104, 0.9999999403953552, 1.0, 1.0, 1.0, 0.9999999403953552, 0.9999999403953552, 0.9999998807907104, 0.9999998807907104, 1.0, 1.0], "eval_loss": [[1.1149168610572815, 1.1147018373012543], [1.1079816818237305, 1.1068380177021027], [1.1026863157749176, 1.1030221581459045], [1.094768762588501, 1.0954724252223969], [1.0833680927753448, 1.083023875951767], [1.0764053463935852, 1.0754837691783905], [1.0696123242378235, 1.0724149644374847], [1.0687016546726227, 1.0726425051689148], [1.0655413269996643, 1.0718900859355927], [1.0708569288253784, 1.0785157680511475], [1.053903579711914, 1.0660949647426605], [1.0607314705848694, 1.0672768652439117], [1.058868557214737, 1.064051866531372], [1.0535658597946167, 1.0604192018508911], [1.0564358234405518, 1.0598191916942596], [1.066712200641632, 1.0715196430683136], [1.0735135078430176, 1.074133723974228], [1.0592340230941772, 1.0706104040145874], [1.0644679367542267, 1.0655909180641174], [1.061330884695053, 1.0657351911067963]], "grammar_accuracy": [[0.0, 0.0], [0.0, 0.0], [0.0, 0.0], [0.0, 0.0], [0.0, 0.0], [0.0, 0.0], [0.0, 0.0], [0.0, 0.0], [0.0, 0.0], [0.0, 0.0], [0.0, 0.0], [0.0, 0.0], [0.0, 0.0], [0.0, 0.0], [0.0, 0.0], [0.0, 0.0], [0.0, 0.0], [0.0, 0.0], [0.0, 0.0], [0.0, 0.0]], "accuracy": [[0.0, 0.0], [0.0, 0.0], [0.0, 0.0], [0.0, 0.0], [0.0, 0.0], [0.0, 0.0], [0.0, 0.0], [0.0, 0.0], [0.0, 0.0], [0.0, 0.0], [0.0, 0.0], [0.0, 0.0], [0.0, 0.0], [0.0, 0.0], [0.0, 0.0], [0.0, 0.0], [0.0, 0.0], [0.0, 0.0], [0.0, 0.0], [0.0, 0.0]], "function_count_accuracy": [[0.0, 0.0], [0.0, 0.0], [0.0, 0.0], [0.0, 0.0], [0.0, 0.0], [0.0, 0.0], [0.0, 0.0], [0.0, 0.0], [0.0, 0.0], [0.0, 0.0], [0.0, 0.0], [0.0, 0.0], [0.0, 0.0], [0.0, 0.0], [0.0, 0.0], [0.0, 0.0], [0.0, 0.0], [0.0, 0.0], [0.0, 0.0], [0.0, 0.0]], "device_accuracy": [[0.0, 0.0], [0.0, 0.0], [0.0, 0.0], [0.0, 0.0], [0.0, 0.0], [0.0, 0.0], [0.0, 0.0], [0.0, 0.0], [0.0, 0.0], [0.0, 0.0], [0.0, 0.0], [0.0, 0.0], [0.0, 0.0], [0.0, 0.0], [0.0, 0.0], [0.0, 0.0], [0.0, 0.0], [0.0, 0.0], [0.0, 0.0], [0.0, 0.0]], "function_accuracy": [[0.0, 0.0], [0.0, 0.0], [0.0, 0.0], [0.0, 0.0], [0.0, 0.0], [0.0, 0.0], [0.0, 0.0], [0.0, 0.0], [0.0, 0.0], [0.0, 0.0], [0.0, 0.0], [0.0, 0.0], [0.0, 0.0], [0.0, 0.0], [0.0, 0.0], [0.0, 0.0], [0.0, 0.0], [0.0, 0.0], [0.0, 0.0], [0.0, 0.0]], "signature_accuracy": [[0.0, 0.0], [0.0, 0.0], [0.0, 0.0], [0.0, 0.0], [0.0, 0.0], [0.0, 0.0], [0.0, 0.0], [0.0, 0.0], [0.0, 0.0], [0.0, 0.0], [0.0, 0.0], [0.0, 0.0], [0.0, 0.0], [0.0, 0.0], [0.0, 0.0], [0.0, 0.0], [0.0, 0.0], [0.0, 0.0], [0.0, 0.0], [0.0, 0.0]], "program_recall": [[0.0, 0.0], [0.0, 0.0], [0.0, 0.0], [0.0, 0.0], [0.0, 0.0], [0.0, 0.0], [0.0, 0.0], [0.0, 0.0], [0.0, 0.0], [0.0, 0.0], [0.0, 0.0], [0.0, 0.0], [0.0, 0.0], [0.0, 0.0], [0.0, 0.0], [0.0, 0.0], [0.0, 0.0], [0.0, 0.0], [0.0, 0.0], [0.0, 0.0]], "parse_action_precision": [[0.0, 0.0019323671497584543], [0.0, 0.004797979797979798], [0.0008333333333333334, 0.0008613264427217916], [0.0011655011655011655, 0.0015082956259426848], [0.010968286345644836, 0.0016473084654902838], [0.006844623179850453, 0.002757270005332021], [0.0019188596491228067, 0.0019849885242850937], [0.004101667563206025, 0.0286774628879892], [0.002127537231901558, 0.009616932238854015], [0.001796128723980665, 0.02734553775743707], [0.003969851861591392, 0.003873181216931217], [0.0005346164127238706, 0.0033783783783783786], [0.002330288175876411, 0.012930288877356857], [0.007709254830781052, 0.0025832795101419716], [0.0008928571428571428, 0.0], [0.0, 0.01282051282051282], [0.005063563887093299, 0.009259259259259259], [0.0024009603841536613, 0.0061768025078369915], [0.008630585101173335, 0.009570766581764225], [0.00967741935483871, 0.005626139817629179]], "parse_action_recall": [[0.0, 0.0011312217194570135], [0.0, 0.010817307692307692], [0.00030193236714975844, 0.0005656108597285067], [0.0006587615283267457, 0.0011312217194570135], [0.005088037121789983, 0.001147098515519568], [0.008645820236209252, 0.011324786324786324], [0.0011956521739130434, 0.001651126651126651], [0.0017884280366210756, 0.0034879336349924583], [0.0018978605935127675, 0.005769230769230769], [0.003105590062111801, 0.00608974358974359], [0.0017705519919229997, 0.0033015604122924222], [0.0005574136008918618, 0.0021367521367521365], [0.0016137907831447252, 0.011077182952182952], [0.0025831017518997057, 0.004006410256410256], [0.00024154589371980676, 0.0], [0.0, 0.009615384615384616], [0.0076604554865424435, 0.00028280542986425336], [0.0004745548223809094, 0.007007290095525389], [0.009491779514662811, 0.003606876993973768], [0.008756038647342994, 0.0030753968253968253]], "parse_action_f1": [[0, 0.0014270424545130217], [0, 0.006647488726481107], [0.0004432624113475178, 0.0006828269033799931], [0.0008417508417508418, 0.001292824822236587], [0.006951410539560952, 0.001352433706477389], [0.007640501954414792, 0.004434791754573981], [0.001473289453543548, 0.0018027302747672437], [0.0024908041448944334, 0.006219421999153605], [0.0020061465965747634, 0.00721197368685751], [0.002275952480707113, 0.009961173141465768], [0.002448897081300883, 0.003564599935799612], [0.0005457770500750444, 0.002617801047120419], [0.0019069585671955274, 0.011932216481272346], [0.0038696268438155957, 0.0031411729205037472], [0.00038022813688212925, 0.0], [0, 0.01098901098901099], [0.006097005139855971, 0.000548847420417124], [0.0007924752587337378, 0.00656588941496725], [0.0090407198618315, 0.005239264152206375], [0.009193701785902989, 0.003976909652674491]],