{"loss": [1.3832613229751587, 1.4517983198165894, 1.469663381576538, 1.3625564575195312, 1.5476869344711304, 1.3887684345245361, 1.4079132080078125, 1.4175454378128052, 1.3873602151870728, 1.5412380695343018, 1.4717416763305664, 1.3798412084579468, 1.384737491607666, 1.4904179573059082, 1.4619967937469482, 1.4450546503067017], "grad": [0.9999999403953552, 1.0000001192092896, 1.0000001192092896, 0.9999998807907104, 1.0, 1.0, 1.0, 1.0000001192092896, 0.9999998211860657, 1.0, 1.0000001192092896, 0.9999999403953552, 0.9999999403953552, 0.9999998807907104, 0.9999999403953552, 1.0], "eval_loss": [[1.1536178588867188, 1.142523169517517], [1.1501860618591309, 1.1391646265983582], [1.1453871130943298, 1.1350698471069336], [1.14046710729599, 1.1314250230789185], [1.1350806951522827, 1.1267938017845154], [1.1279688477516174, 1.1218266487121582], [1.1224878430366516, 1.1148943901062012]], "grammar_accuracy": [[0.0, 0.0], [0.0, 0.0], [0.0, 0.0], [0.0, 0.0], [0.0, 0.0], [0.0, 0.0], [0.0, 0.0]], "accuracy": [[0.0, 0.0], [0.0, 0.0], [0.0, 0.0], [0.0, 0.0], [0.0, 0.0], [0.0, 0.0], [0.0, 0.0]], "function_count_accuracy": [[0.0, 0.0], [0.0, 0.0], [0.0, 0.0], [0.0, 0.0], [0.0, 0.0], [0.0, 0.0], [0.0, 0.0]], "device_accuracy": [[0.0, 0.0], [0.0, 0.0], [0.0, 0.0], [0.0, 0.0], [0.0, 0.0], [0.0, 0.0], [0.0, 0.0]], "function_accuracy": [[0.0, 0.0], [0.0, 0.0], [0.0, 0.0], [0.0, 0.0], [0.0, 0.0], [0.0, 0.0], [0.0, 0.0]], "signature_accuracy": [[0.0, 0.0], [0.0, 0.0], [0.0, 0.0], [0.0, 0.0], [0.0, 0.0], [0.0, 0.0], [0.0, 0.0]], "program_recall": [[0.0, 0.0], [0.0, 0.0], [0.0, 0.0], [0.0, 0.0], [0.0, 0.0], [0.0, 0.0], [0.0, 0.0]], "parse_action_precision": [[0.0, 0.0022727272727272726], [0.005952380952380952, 0.001736111111111111], [0.0, 0.006314699792960662], [0.010989010989010988, 0.003787878787878788], [0.0, 0.0020242914979757085], [0.0, 0.004538895447986357], [0.0, 0.0018115942028985507]], "parse_action_recall": [[0.0, 0.0045045045045045045], [0.012048192771084338, 0.0045045045045045045], [0.0, 0.005544005544005544], [0.012048192771084338, 0.005544005544005544], [0.0, 0.0012285012285012285], [0.0, 0.006583506583506584], [0.0, 0.0011261261261261261]], "parse_action_f1": [[0, 0.003021148036253776], [0.00796812749003984, 0.002506265664160401], [0, 0.0059043090567019365], [0.011494252873563218, 0.00450070323488045], [0, 0.0015290519877675841], [0, 0.005373272424258028], [0, 0.001388888888888889]], "action_count_precision": [[0, 0.0], [0, 0.0], [0, 0.0], [0, 0.0], [0, 0.0], [0, 0.0], [0, 0.0]], "action_count_recall": [[0, 0.0], [0, 0.0], [0, 0.0], [0, 0.0], [0, 0.0], [0, 0.0], [0, 0.0]], "action_count_f1": [[0, 0.0], [0, 0.0], [0, 0.0], [0, 0.0], [0, 0.0], [0, 0.0], [0, 0.0]]}