{"loss": [1.278996229171753, 1.2650927305221558, 1.234787940979004, 1.4044970273971558, 1.3378114700317383, 1.2369663715362549, 1.3287872076034546, 1.2855280637741089, 1.293903112411499, 1.3816807270050049, 1.2812602519989014, 1.1981914043426514, 1.2707984447479248, 1.2901393175125122, 1.280085802078247, 1.2083783149719238, 1.2604758739471436, 1.2971636056900024, 1.3021104335784912, 1.3556052446365356, 1.2376879453659058, 1.2124769687652588, 1.2725681066513062, 1.2161375284194946, 1.1783169507980347, 1.2293354272842407, 1.167598009109497, 1.1561362743377686, 1.1973495483398438, 1.2351903915405273, 1.1588596105575562, 1.1819766759872437, 1.161657691001892, 1.195211410522461, 1.1476587057113647, 1.1381535530090332, 1.1700937747955322, 1.146941900253296, 1.1398651599884033, 1.141871452331543, 1.1485061645507812, 1.1238982677459717, 1.1595749855041504, 1.1394861936569214, 1.1368517875671387, 1.1281068325042725, 1.1371973752975464, 1.134443998336792, 1.152220368385315, 1.1664756536483765, 1.1311225891113281, 1.133729338645935, 1.145241379737854, 1.1641759872436523, 1.149119257926941, 1.142820119857788, 1.1953675746917725, 1.1324586868286133, 1.1422431468963623, 1.1443947553634644, 1.1554841995239258, 1.1553452014923096, 1.1406118869781494, 1.1770315170288086, 1.1574033498764038, 1.1537235975265503, 1.1568901538848877, 1.1863715648651123, 1.1813781261444092, 1.1242189407348633, 1.1631053686141968, 1.1533782482147217, 1.164197564125061, 1.17056405544281, 1.1688144207000732, 1.1738332509994507, 1.1728370189666748, 1.2086539268493652, 1.1441881656646729, 1.1517058610916138, 1.1435314416885376, 1.1637861728668213, 1.1601388454437256, 1.2119828462600708, 1.1652215719223022, 1.2213009595870972, 1.139134168624878, 1.2141931056976318, 1.2080813646316528, 1.1821016073226929, 1.1904410123825073, 1.1917309761047363, 1.1569697856903076, 1.2060167789459229, 1.2160224914550781, 1.1531212329864502, 1.2215975522994995, 1.1623796224594116, 1.2190295457839966, 1.1938079595565796], "grad": [1.0000001192092896, 0.9999998211860657, 1.0, 0.9999999403953552, 1.0, 1.0, 0.9999999403953552, 1.0, 1.0, 0.9999999403953552, 1.0, 1.0000001192092896, 0.9999998807907104, 0.9999998807907104, 1.0000001192092896, 1.0000001192092896, 0.9999999403953552, 1.0, 1.0, 1.0000001192092896, 0.9999998807907104, 1.0, 1.0, 1.0, 1.0, 1.0, 1.0, 0.9771517515182495, 1.0000001192092896, 0.9999998807907104, 1.0, 0.9999999403953552, 0.9191352725028992, 1.0, 0.9592125415802002, 1.0, 1.0000001192092896, 0.8995668888092041, 0.890872061252594, 0.9999999403953552, 0.9999999403953552, 0.847471296787262, 0.9999998211860657, 0.9439676403999329, 1.0, 1.0, 0.9999999403953552, 0.9433135390281677, 1.0, 0.9999999403953552, 1.0, 1.0, 1.0, 1.0000001192092896, 1.0, 1.0, 1.0, 0.9467196464538574, 0.9999999403953552, 1.0, 0.9999999403953552, 0.9999998807907104, 1.0, 1.0, 1.0, 0.9999999403953552, 1.0, 0.9999999403953552, 0.9999999403953552, 0.9627906680107117, 0.9999999403953552, 1.0, 1.0, 0.9999998211860657, 1.0, 1.0, 0.9999999403953552, 1.0000001192092896, 0.9999998807907104, 1.0, 1.0, 1.0, 1.0, 1.0000001192092896, 1.0000001192092896, 1.0000001192092896, 1.0, 1.0, 1.0, 1.0, 1.0, 1.0, 1.0, 0.9999998807907104, 1.0000001192092896, 0.9999999403953552, 1.0, 1.0000001192092896, 1.0, 1.0], "eval_loss": [[1.1071164846420287, 1.1053016185760498], [1.1000567197799682, 1.098497748374939], [1.0895522117614747, 1.0863969326019287], [1.0757933616638184, 1.0735187530517578], [1.068864893913269, 1.0641335248947144], [1.0556800842285157, 1.0538132190704346], [1.050812268257141, 1.0494334697723389], [1.0464666843414308, 1.0444092750549316], [1.0449112176895141, 1.0475375652313232], [1.0463992595672607, 1.0481231212615967], [1.0555489301681518, 1.0559611320495605], [1.0520414113998413, 1.0509591102600098], [1.0486122608184814, 1.052131175994873], [1.050813126564026, 1.0516068935394287], [1.0473650455474854, 1.0438812971115112], [1.0617419719696044, 1.0538132190704346], [1.053102684020996, 1.0544037818908691], [1.0609931707382203, 1.0500503778457642], [1.0387243509292603, 1.0281474590301514], [1.0854676961898804, 1.0782700777053833]], "grammar_accuracy": [[0.0, 0.0], [0.0, 0.0], [0.0, 0.0], [0.0, 0.0], [0.0, 0.0], [0.0, 0.0], [0.0, 0.0], [0.0, 0.0], [0.0, 0.0], [0.0, 0.0], [0.0, 0.0], [0.0, 0.0], [0.0, 0.0], [0.0, 0.0], [0.0, 0.0], [0.0, 0.0], [0.0, 0.0], [0.0, 0.0], [0.0, 0.0], [0.0, 0.0]], "accuracy": [[0.0, 0.0], [0.0, 0.0], [0.0, 0.0], [0.0, 0.0], [0.0, 0.0], [0.0, 0.0], [0.0, 0.0], [0.0, 0.0], [0.0, 0.0], [0.0, 0.0], [0.0, 0.0], [0.0, 0.0], [0.0, 0.0], [0.0, 0.0], [0.0, 0.0], [0.0, 0.0], [0.0, 0.0], [0.0, 0.0], [0.0, 0.0], [0.0, 0.0]], "function_count_accuracy": [[0.0, 0.0], [0.0, 0.0], [0.0, 0.0], [0.0, 0.0], [0.0, 0.0], [0.0, 0.0], [0.0, 0.0], [0.0, 0.0], [0.0, 0.0], [0.0, 0.0], [0.0, 0.0], [0.0, 0.0], [0.0, 0.0], [0.0, 0.0], [0.0, 0.0], [0.0, 0.0], [0.0, 0.0], [0.0, 0.0], [0.0, 0.0], [0.0, 0.0]], "device_accuracy": [[0.0, 0.0], [0.0, 0.0], [0.0, 0.0], [0.0, 0.0], [0.0, 0.0], [0.0, 0.0], [0.0, 0.0], [0.0, 0.0], [0.0, 0.0], [0.0, 0.0], [0.0, 0.0], [0.0, 0.0], [0.0, 0.0], [0.0, 0.0], [0.0, 0.0], [0.0, 0.0], [0.0, 0.0], [0.0, 0.0], [0.0, 0.0], [0.0, 0.0]], "function_accuracy": [[0.0, 0.0], [0.0, 0.0], [0.0, 0.0], [0.0, 0.0], [0.0, 0.0], [0.0, 0.0], [0.0, 0.0], [0.0, 0.0], [0.0, 0.0], [0.0, 0.0], [0.0, 0.0], [0.0, 0.0], [0.0, 0.0], [0.0, 0.0], [0.0, 0.0], [0.0, 0.0], [0.0, 0.0], [0.0, 0.0], [0.0, 0.0], [0.0, 0.0]], "signature_accuracy": [[0.0, 0.0], [0.0, 0.0], [0.0, 0.0], [0.0, 0.0], [0.0, 0.0], [0.0, 0.0], [0.0, 0.0], [0.0, 0.0], [0.0, 0.0], [0.0, 0.0], [0.0, 0.0], [0.0, 0.0], [0.0, 0.0], [0.0, 0.0], [0.0, 0.0], [0.0, 0.0], [0.0, 0.0], [0.0, 0.0], [0.0, 0.0], [0.0, 0.0]], "program_recall": [[0.0, 0.0], [0.0, 0.0], [0.0, 0.0], [0.0, 0.0], [0.0, 0.0], [0.0, 0.0], [0.0, 0.0], [0.0, 0.0], [0.0, 0.0], [0.0, 0.0], [0.0, 0.0], [0.0, 0.0], [0.0, 0.0], [0.0, 0.0], [0.0, 0.0], [0.0, 0.0], [0.0, 0.0], [0.0, 0.0], [0.0, 0.0], [0.0, 0.0]], "parse_action_precision": [[0.0010822510822510823, 0.0071428571428571435], [0.000992063492063492, 0.005], [0.000681973175721755, 0.0038461538461538464], [0.0007756284459396318, 0.003401360544217687], [0.00023553919537917076, 0.0], [0.009124409326462473, 0.006666666666666667], [0.0021952043228638976, 0.0], [0.00047758913007139956, 0.003095975232198142], [0.007051023296636243, 0.002777777777777778], [0.00032582518770364074, 0.007936507936507936], [0.00027570995312930797, 0.0], [0.004308904585178879, 0.0], [0.004982393139268423, 0.0023809523809523807], [0.0025486854465044183, 0.005050505050505051], [0.0034199960419818262, 0.004784688995215311], [0.048866685347067874, 0.119281045751634], [0.013237600336282575, 0.005050505050505051], [0.007839961763797124, 0.024058761435608724], [0.026721818872739004, 0.07211700336700336], [0.048437364494654724, 0.04982993197278911]], "parse_action_recall": [[0.00013482994573094686, 0.00392156862745098], [0.00013932427725531175, 0.00326797385620915], [0.00010112245929821013, 0.00392156862745098], [0.0032681918228506636, 0.004901960784313725], [0.003166144200626959, 0.0], [0.003309799183387955, 0.004901960784313725], [6.28530574084113e-05, 0.0], [0.00036693582056822766, 0.00326797385620915], [0.0033541186038052095, 0.00326797385620915], [0.00013579253651704127, 0.0024509803921568627], [7.463800567248842e-05, 0.0], [0.0038522622644515184, 0.0], [0.0011301810477117394, 0.00326797385620915], [0.0015757916315725646, 0.0065359477124183], [0.0033390285792373286, 0.00326797385620915], [0.006679352549537005, 0.027450980392156862], [0.0070934410759494505, 0.0056022408963585435], [0.004016302064686465, 0.018300653594771243], [0.003777555276068299, 0.02419149477973007], [0.0035142109407527143, 0.025676937441643323]],