{"loss": [1.1319541931152344], "grad": [1.1981511116027832]}